archivo,categoria,url,autor,licencia,notas
1942-packard-clipper.schem,vehiculo,,,,
auto-sorted-sto-fw257pmp-1-converted.schem,maquina,,,,almacén automático con redstone
cherrymedieval.schem,edificio,,,,"generado con IA (bloxelizer.com), no hecho a mano"
cutemoonlight.schem,decoracion,,,,farola
dodge-wc-54.schem,vehiculo,,,,
dragoneggruinedaltar.schem,decoracion,,,,altar en ruinas
glowberry-gazebo.schem,edificio,,,,glorieta de jardín
library-converted.schem,edificio,,,,biblioteca
madivalhouse.schem,casa,,,,sobre un bloque de terreno: los cimientos aprendidos son el terreno
ng.schem,pueblo,,,,"469x271, demasiado grande para aprender un estilo de una sola casa"
norrareal.schem,monumento,,,,edificio monumental de 51 de alto
panzer-v-panther.schem,vehiculo,,,,
r-35.schem,vehiculo,,,,
reliance.schem,edificio,,,,rascacielos moderno
roof-hoof-hut.schem,casa,,,,
shouse.schem,casa,,,,
strv-m21-29.schem,vehiculo,,,,
tiny-hut.schem,casa,,,,cabaña
